<?xml version="1.0" encoding="UTF-8" ?>

<!DOCTYPE struts PUBLIC
        "-//Apache Software Foundation//DTD Struts Configuration 2.0//EN"
        "http://struts.apache.org/dtds/struts-2.0.dtd">

<struts>
    <package name="example" namespace="/example" extends="struts-default">
        <action name="HelloWorld" class="example.HelloWorld">
            <result>/example/HelloWorld.jsp</result>
        </action>
    </package>

    <package name="default" >
        <action class="p1.Login" name="login">
            <result name="Success">
                /welcome.jsp
            </result>
            <result name="Invalid">/Invalid.jsp</result>
        </action>
    </package>

</struts>

